{"type": "needle", "radius": 4.006974349818075, "height": 2.889942046331829, "needle_type": "blunt", "rotation_deg": 30.94966652233432, "tilt_x": -10.551996448839072, "tilt_y": 25.625164518776586}