{"type": "needle", "radius": 3.2928270146790677, "height": 3.499363748579485, "needle_type": "blunt", "rotation_deg": 24.167486016296618, "tilt_x": 29.375521579700084, "tilt_y": -13.494317030911775}