{"type": "needle", "radius": 0.22473207545806667, "height": 4.494641509161333, "needle_type": "blunt", "rotation_deg": 124.44686022428081, "tilt_x": 9.578054969789498, "tilt_y": 29.604984925519858}