{"type": "needle", "radius": 3.296783079633162, "height": 3.059100030130842, "needle_type": "blunt", "rotation_deg": 274.4723623672671, "tilt_x": -17.36944283633933, "tilt_y": -9.429276696034632}