{"type": "needle", "radius": 0.14119396170026516, "height": 2.823879234005303, "needle_type": "blunt", "rotation_deg": 100.79361875145611, "tilt_x": 18.69015014340565, "tilt_y": 18.195914368360743}