{"type": "needle", "radius": 3.4677685149362536, "height": 3.751508025495224, "needle_type": "blunt", "rotation_deg": 244.65347186225236, "tilt_x": 18.383213139672378, "tilt_y": 14.850464354241142}