{"type": "needle", "radius": 3.2494777945851316, "height": 6.631430319933061, "needle_type": "blunt", "rotation_deg": 318.6964261041215, "tilt_x": 12.678186623842189, "tilt_y": -28.92978065868071}