{"type": "needle", "radius": 3.6189698356097613, "height": 2.573564439478275, "needle_type": "blunt", "rotation_deg": 339.0093265164381, "tilt_x": 19.40633793201547, "tilt_y": 23.537319173713126}