{"type": "needle", "radius": 6.543103281783906, "height": 2.7666541220232252, "needle_type": "blunt", "rotation_deg": 71.64342961718603, "tilt_x": -22.30070619513386, "tilt_y": -21.681169986258247}