{"type": "needle", "radius": 5.982965570915445, "height": 2.980786049571129, "needle_type": "blunt", "rotation_deg": 260.6747578513158, "tilt_x": -16.240289208370967, "tilt_y": -10.745800538750792}