{"type": "needle", "radius": 0.13336979491874376, "height": 2.667395898374875, "needle_type": "blunt", "rotation_deg": 127.14780357479714, "tilt_x": -16.774071802151322, "tilt_y": 20.136209663802568}