{"type": "needle", "radius": 0.12659208190755103, "height": 2.5318416381510205, "needle_type": "blunt", "rotation_deg": 117.51878759497242, "tilt_x": 17.183431302937837, "tilt_y": -14.30859002865427}