{"type": "needle", "radius": 5.230263397796544, "height": 3.930342688612093, "needle_type": "blunt", "rotation_deg": 71.4745357073608, "tilt_x": -2.7439488647230115, "tilt_y": -28.728850629824457}