{"type": "needle", "radius": 4.774488743634767, "height": 5.845413477538341, "needle_type": "blunt", "rotation_deg": 258.2842896919885, "tilt_x": -20.5769943223284, "tilt_y": 15.060175285143739}