{"type": "needle", "radius": 0.251622693599663, "height": 5.03245387199326, "needle_type": "blunt", "rotation_deg": 162.89850693406984, "tilt_x": -25.24849033149136, "tilt_y": 18.728757370293824}