{"type": "needle", "radius": 3.1427796744558525, "height": 3.317297824366965, "needle_type": "blunt", "rotation_deg": 302.15137841466907, "tilt_x": -2.7471777622327376, "tilt_y": 17.500014106976025}