{"type": "needle", "radius": 4.825894351424984, "height": 5.047989343761992, "needle_type": "blunt", "rotation_deg": 160.5822038172365, "tilt_x": -29.386836309976697, "tilt_y": -2.736934384083458}