{"type": "needle", "radius": 2.1928544817413784, "height": 4.716030635999551, "needle_type": "blunt", "rotation_deg": 329.3308400662976, "tilt_x": 3.966847442118022, "tilt_y": 23.708125499586817}