{"type": "needle", "radius": 8.059742432902222, "height": 4.921982473214378, "needle_type": "blunt", "rotation_deg": 89.99208166640918, "tilt_x": 16.46267657771087, "tilt_y": -10.301243017933821}