{"type": "needle", "radius": 3.682450019037727, "height": 4.577888352058975, "needle_type": "blunt", "rotation_deg": 45.07561774236843, "tilt_x": -22.490559568322418, "tilt_y": -12.74472604985075}