{"type": "needle", "radius": 0.2050073529301274, "height": 4.1001470586025475, "needle_type": "blunt", "rotation_deg": 35.50728458466527, "tilt_x": 8.136211283478463, "tilt_y": -6.039751599959857}