{"type": "needle", "radius": 0.20901242456953306, "height": 4.180248491390661, "needle_type": "blunt", "rotation_deg": 161.58857779663117, "tilt_x": 6.881590272069671, "tilt_y": 16.07642015361716}