{"type": "needle", "radius": 0.18424057487740153, "height": 3.68481149754803, "needle_type": "blunt", "rotation_deg": 316.4417966298555, "tilt_x": -9.349678094802972, "tilt_y": 0.9546041796157922}