{"type": "needle", "radius": 3.7106742424415846, "height": 2.815777702782994, "needle_type": "blunt", "rotation_deg": 311.0790271407607, "tilt_x": -29.832565156026703, "tilt_y": -14.340370405248319}