{"type": "needle", "radius": 3.0752407261592576, "height": 3.973378843989151, "needle_type": "blunt", "rotation_deg": 300.6570219018007, "tilt_x": -5.963255147124844, "tilt_y": 26.810475545825078}