{"type": "needle", "radius": 4.290791126302687, "height": 2.1381858607449784, "needle_type": "blunt", "rotation_deg": 105.95149241655866, "tilt_x": 8.838420300212853, "tilt_y": -12.596609904570826}