{"type": "needle", "radius": 4.4898197058173475, "height": 5.671380179621909, "needle_type": "blunt", "rotation_deg": 336.06024354594547, "tilt_x": -16.660548357057646, "tilt_y": -1.873022992330866}