{"type": "needle", "radius": 0.14121160735060895, "height": 2.8242321470121787, "needle_type": "blunt", "rotation_deg": 40.35728351418537, "tilt_x": -4.4138996644244255, "tilt_y": -4.063260419762839}