{"type": "needle", "radius": 0.1713249262242985, "height": 3.42649852448597, "needle_type": "blunt", "rotation_deg": 333.60070856505047, "tilt_x": 29.687490698958467, "tilt_y": -19.92731267519789}