{"type": "needle", "radius": 2.2483276679295376, "height": 4.821266868983725, "needle_type": "blunt", "rotation_deg": 122.5990163734266, "tilt_x": 23.538396636119447, "tilt_y": 17.319267770545295}