{"distribution": "lognormal", "loc": 0.1, "shape": 0.5, "timestamp": "2025-07-02T06:17:23.064950", "particles": [{"size": 0.12622325464715237, "x": 0.45534778046776436, "y": 0.20959259305224143, "z": 0.955872244637007}]}