{"type": "pebble", "a": 1.070726068426069, "b": 1.602365995028071, "c": 1.2816612974935688}