{"type": "pebble", "a": 1.921923701455783, "b": 1.5652327980880554, "c": 1.5084161242433187}