{"type": "pebble", "a": 0.982955850592282, "b": 1.0453024772690225, "c": 0.9665391463660126}