{"type": "pebble", "a": 0.8557273157969617, "b": 2.063831757671437, "c": 1.2305591794811088}