{"type": "pebble", "a": 1.0376194425329324, "b": 1.2222207410817327, "c": 1.4558590351815746}