{"type": "pebble", "a": 1.0019882218968745, "b": 1.3090267992059768, "c": 1.0179213033141012}