{"type": "pebble", "a": 1.2559511341895242, "b": 0.8350221391625968, "c": 0.7947228784180221}