{"type": "pebble", "a": 1.1999068700550783, "b": 0.676165820340617, "c": 0.9006097961416384}