{"type": "pebble", "a": 1.0509958167479596, "b": 1.1743650706843294, "c": 0.8131340363320995}