{"type": "pebble", "a": 0.7012129661964298, "b": 0.9591522880805297, "c": 0.9570894192306062}