{"type": "needle", "radius": 0.32116595974959394, "height": 6.423319194991879, "needle_type": "pointed", "rotation_deg": 11.526224941539883, "tilt_x": 21.603566537868097, "tilt_y": 21.20092845020277}