{"type": "needle", "radius": 0.18452779034514466, "height": 3.690555806902893, "needle_type": "pointed", "rotation_deg": 72.5065510769005, "tilt_x": -19.039709093109092, "tilt_y": 28.85643175031482}