{"type": "needle", "radius": 0.1833994412298951, "height": 3.6679888245979018, "needle_type": "pointed", "rotation_deg": 215.13886216117066, "tilt_x": -3.065240258344575, "tilt_y": 26.81328619372264}