{"type": "needle", "radius": 0.28483600636357753, "height": 5.696720127271551, "needle_type": "pointed", "rotation_deg": 321.4436809599775, "tilt_x": 1.767713380628828, "tilt_y": 3.115062982009711}