{"type": "needle", "radius": 0.23012397188417788, "height": 4.602479437683558, "needle_type": "pointed", "rotation_deg": 339.78592810016045, "tilt_x": 7.881700377055363, "tilt_y": 12.225975300793959}