{"type": "needle", "radius": 0.1704170610792679, "height": 3.408341221585358, "needle_type": "pointed", "rotation_deg": 280.69434043054537, "tilt_x": 14.418070371955153, "tilt_y": 16.008989111747468}