{"type": "needle", "radius": 0.18018776715092913, "height": 3.6037553430185825, "needle_type": "pointed", "rotation_deg": 298.69118269986035, "tilt_x": 0.30377711285264786, "tilt_y": -22.41582488885956}