{"type": "needle", "radius": 0.198590226255113, "height": 3.9718045251022596, "needle_type": "pointed", "rotation_deg": 234.7605761223863, "tilt_x": 21.947704906775364, "tilt_y": 13.530555122128007}