{"type": "needle", "radius": 0.2738694877321088, "height": 5.477389754642176, "needle_type": "pointed", "rotation_deg": 297.93216269728555, "tilt_x": 11.143169169440375, "tilt_y": -15.425077003412566}