{"type": "needle", "radius": 0.2002231831908787, "height": 4.004463663817574, "needle_type": "pointed", "rotation_deg": 238.20362402806643, "tilt_x": 7.039519665240503, "tilt_y": -28.192681477637688}